<?xml version="1.0" encoding="UTF-8" ?>
<!DOCTYPE tiles-definitions PUBLIC  "-//Apache Software Foundation//DTD Tiles Configuration 3.0//EN"  "http://tiles.apache.org/dtds/tiles-config_3_0.dtd">  
 
<tiles-definitions>  
  
   <!-- Base Definition -->
   <definition name="admin-layout"
       template="/WEB-INF/views/layout/default.jsp">  
       <put-attribute name="title" value="" />  
       <put-attribute name="header" value="/WEB-INF/views/layout/header.jsp" />  
       <put-attribute name="navbar" value="/WEB-INF/views/layout/navbar.jsp" />
       <put-attribute name="sidebar" value="/WEB-INF/views/layout/sidebar.jsp" /> 
       <put-attribute name="body" value="" />  
       <put-attribute name="footer" value="/WEB-INF/views/layout/footer.jsp" />  
   </definition>  
   
   <!-- ============== USER ADMIN ===========  -->
   <!-- LIST USER -->
   <definition name="user-index" extends="admin-layout">  
       <put-attribute name="title" value="Danh sách người dùng" />  
       <put-attribute name="body" value="/WEB-INF/views/user/index.jsp" />  
   </definition>
   
   <!-- ADD USER -->
   <definition name="user-add" extends="admin-layout">  
       <put-attribute name="title" value="Thêm mới người dùng" />  
       <put-attribute name="body" value="/WEB-INF/views/user/add.jsp" />  
   </definition>
   
   <!-- EDIT USER -->
   <definition name="user-edit" extends="admin-layout">  
       <put-attribute name="title" value="Cập nhật người dùng" />  
       <put-attribute name="body" value="/WEB-INF/views/user/edit.jsp" />  
   </definition>
   
    <!-- ============== ROLE ADMIN ===========  -->
   <!-- LIST ROLE -->
   <definition name="role-index" extends="admin-layout">  
       <put-attribute name="title" value="Danh sách quyền" />  
       <put-attribute name="body" value="/WEB-INF/views/role/index.jsp" />  
   </definition>
   
   <!-- ADD ROLE -->
   <definition name="role-add" extends="admin-layout">  
       <put-attribute name="title" value="Thêm mới quyền" />  
       <put-attribute name="body" value="/WEB-INF/views/role/add.jsp" />  
   </definition>
   
   <!-- EDIT ROLE -->
   <definition name="role-edit" extends="admin-layout">  
       <put-attribute name="title" value="Cập nhật quyền" />  
       <put-attribute name="body" value="/WEB-INF/views/role/edit.jsp" />  
   </definition>
  
   <!-- Home Page -->
   <definition name="home-index" extends="admin-layout">  
       <put-attribute name="title" value="Trang chủ" />  
       <put-attribute name="body" value="/WEB-INF/views/home/index.jsp" />  
   </definition>
  
</tiles-definitions>